{"initial_reset_timestamp": 1566603904.8514597, "timestamps": [1566603916.4132128, 1566603931.0367658, 1566603943.1502428, 1566603955.041923, 1566603965.1244583, 1566603973.3149793, 1566603983.5017004, 1566603993.5007012, 1566604007.06822, 1566604018.1172214, 1566604024.369244, 1566604038.3186252, 1566604044.3975585, 1566604056.3100793, 1566604067.0197504, 1566604078.3373642, 1566604085.8008163, 1566604096.841163, 1566604106.4096134, 1566604117.348743], "episode_lengths": [3110, 3958, 4102, 4102, 3429, 2807, 3425, 3428, 3672, 3762, 2124, 4759, 2079, 4068, 3649, 3827, 2554, 3723, 3285, 3746], "episode_rewards": [244.0, 312.0, 320.0, 330.0, 298.0, 202.0, 260.0, 294.0, 274.0, 316.0, 134.0, 382.0, 136.0, 304.0, 310.0, 312.0, 170.0, 284.0, 228.0, 262.0], "episode_types": ["t", "t", "t", "t", "t", "t", "t", "t", "t", "t", "t", "t", "t", "t", "t", "t", "t", "t", "t", "t"]}