{"initial_reset_timestamp": 1566347413.1528063, "timestamps": [1566347419.9183304, 1566347426.6873472, 1566347426.8608596, 1566347426.9680495, 1566347427.0697427, 1566347427.172307, 1566347427.270417, 1566347427.3761642, 1566347434.1042955, 1566347434.2803643], "episode_lengths": [200, 200, 200, 200, 200, 200, 200, 200, 200, 200], "episode_rewards": [200.0, 200.0, 200.0, 200.0, 200.0, 200.0, 200.0, 200.0, 200.0, 200.0], "episode_types": ["t", "t", "t", "t", "t", "t", "t", "t", "t", "t"]}